<?xml version="1.0" encoding="UTF-8" standalone="yes"?>
<addon id="plugin.video.kodiwin" name="Kodi Wins" version="1.0.0" provider-name="Wins">
  <requires>
    <import addon="xbmc.python" version="2.1.0"/>
	<import addon="repository.xbmc-israel" />
  </requires>
  <extension point="xbmc.python.pluginsource" library="default.py">
        <provides>video</provides>
  </extension>
  <extension point="xbmc.addon.metadata">
    <summary lang="en">Playlist Loader - downloaded for free from:
http://aerialview.tv/mobile/2016/07/22/create-your-own-kodi-addon/</summary>
    <description lang="en">Playlist Loader - downloaded for free from:
http://www.hometheater.co.il</description>
    <platform>all</platform>
  </extension>
</addon>
