<?xml version="1.0" encoding="UTF-8" standalone="yes"?>
<addon id="plugin.video.kodiwin" name="Kodi Wins" version="1.0.0" provider-name="Wins">
  <requires>
    <import addon="xbmc.python" version="2.1.0"/>
	<import addon="repository.xbmc-israel" />
		<import addon="xbmc.python" version="2.19.0" />
		<import addon="script.exodus.artwork" version="1.0.5" />
		<import addon="script.exodus.metadata" version="1.0.0" />
		<import addon="script.module.urlresolver" version="3.0.33" />
		<import addon="script.module.metahandler" version="2.9.0" />
  </requires>
  <extension point="xbmc.python.pluginsource" library="exodus.py">
        <provides>video</provides>
  </extension>
<extension point="xbmc.service" library="service.py" start="startup" />
  <extension point="xbmc.addon.metadata">
    <summary lang="en">Playlist Loader - downloaded for free from:
http://aerialview.tv/mobile/2016/07/22/create-your-own-kodi-addon/</summary>
    <description lang="en">Playlist Loader - downloaded for free from:
http://www.hometheater.co.il</description>
    <platform>all</platform>
  </extension>
</addon>
